<?xml version="1.0" encoding="UTF-8"?>

<mule xmlns:data-mapper="http://www.mulesoft.org/schema/mule/ee/data-mapper" xmlns:tracking="http://www.mulesoft.org/schema/mule/ee/tracking" xmlns:context="http://www.springframework.org/schema/context" xmlns:clarizen="http://www.mulesoft.org/schema/mule/clarizen" xmlns:http="http://www.mulesoft.org/schema/mule/http"
	xmlns:scripting="http://www.mulesoft.org/schema/mule/scripting"
	xmlns="http://www.mulesoft.org/schema/mule/core" xmlns:doc="http://www.mulesoft.org/schema/mule/documentation" xmlns:spring="http://www.springframework.org/schema/beans" version="EE-3.3.1" xmlns:xsi="http://www.w3.org/2001/XMLSchema-instance" xsi:schemaLocation="
http://www.mulesoft.org/schema/mule/http http://www.mulesoft.org/schema/mule/http/current/mule-http.xsd 
http://www.mulesoft.org/schema/mule/clarizen http://www.mulesoft.org/schema/mule/clarizen/1.0/mule-clarizen.xsd 
http://www.mulesoft.org/schema/mule/ee/data-mapper http://www.mulesoft.org/schema/mule/ee/data-mapper/current/mule-data-mapper.xsd 
http://www.mulesoft.org/schema/mule/scripting http://www.mulesoft.org/schema/mule/scripting/current/mule-scripting.xsd 
http://www.springframework.org/schema/beans http://www.springframework.org/schema/beans/spring-beans-current.xsd 
http://www.mulesoft.org/schema/mule/core http://www.mulesoft.org/schema/mule/core/current/mule.xsd 
http://www.mulesoft.org/schema/mule/ee/tracking http://www.mulesoft.org/schema/mule/ee/tracking/current/mule-tracking-ee.xsd ">   
 <clarizen:config name="Clarizen" connectionUser="${clarizen.user}" connectionPassword="${clarizen.password}" applicationId="${clarizen.appId}" partnerId="${clarizen.partnerId}" doc:name="Clarizen"/>
    <context:property-placeholder location="mule.properties"/>
    <data-mapper:config name="UpdateTask" transformationGraphPath="updatetask.grf" doc:name="DataMapper"/>
    <flow name="CreateTaskAndLinkToProject" doc:name="CreateTaskAndLinkToProject">
        <http:inbound-endpoint exchange-pattern="one-way" host="localhost" port="8090" path="create-task" doc:name="HTTP"/>
        <scripting:component doc:name="Task">
            <scripting:script engine="Groovy" file="task.groovy" />                
        </scripting:component>
        <clarizen:create-entity config-ref="Clarizen" doc:name="Create Task">
            <clarizen:entity ref="#[payload]"/>
        </clarizen:create-entity>
        <set-variable variableName="newTask" value="#[payload.id]" doc:name="Set new Task"/>
        <logger message="Task created! #[payload.description]" level="INFO" doc:name="Logger"/>
        <clarizen:work-items-query config-ref="Clarizen" maxNumberOfPages="1" pageSize="10" workItemFilter="ALL" workItemState="ALL" workItemType="PROJECT" doc:name="Get Projects">
            <clarizen:fields-to-retrieve>
                <clarizen:fields-to-retrieve>description</clarizen:fields-to-retrieve>
            </clarizen:fields-to-retrieve>
        </clarizen:work-items-query>
        <scripting:component doc:name="Groovy">
            <scripting:script engine="Groovy" file="workitemhierarchylink.groovy"/>
        </scripting:component>
        <clarizen:create-entity config-ref="Clarizen" doc:name="Create Link">
            <clarizen:entity ref="#[payload]"/>
        </clarizen:create-entity>
        <logger message="Task Linked to Project #[payload.parent]" level="INFO" doc:name="Logger"/>
    </flow>
    <flow name="CreateIssue" doc:name="CreateIssue">
        <http:inbound-endpoint exchange-pattern="one-way" host="localhost" port="8090" path="create-issue" doc:name="HTTP"/>
        <scripting:component doc:name="Issue">
            <scripting:script engine="Groovy" file="issue.groovy"/>
        </scripting:component>
        <clarizen:create-entity config-ref="Clarizen" doc:name="Clarizen">
            <clarizen:entity ref="#[payload]"/>
        </clarizen:create-entity>
        <logger message="Issue created! #[payload.title]" level="INFO" doc:name="Logger"/>
    </flow>
    <flow name="GetMyWorkItems" doc:name="GetMyWorkItems">
        <http:inbound-endpoint exchange-pattern="one-way" host="localhost" port="8081" path="get-my-work-items" doc:name="HTTP"/>
        <clarizen:get-my-work-items config-ref="Clarizen" maxNumberOfPages="1" pageSize="100" workItemFilter="ALL" workItemState="ALL" workItemType="ALL" doc:name="Clarizen">
            <clarizen:fields-to-retrieve>
                <clarizen:fields-to-retrieve>description</clarizen:fields-to-retrieve>
                <clarizen:fields-to-retrieve>parentProject</clarizen:fields-to-retrieve>
                <clarizen:fields-to-retrieve>name</clarizen:fields-to-retrieve>
            </clarizen:fields-to-retrieve>
        </clarizen:get-my-work-items>
        <foreach collection="#[payload]" doc:name="Foreach">
            <logger message="WorkItem description: #[payload.description]" level="INFO" doc:name="Logger"/>
        </foreach>
    </flow>
    <flow name="EntityQuery" doc:name="EntityQuery">
        <http:inbound-endpoint exchange-pattern="one-way" host="localhost" port="8090" path="create-entity-query" doc:name="HTTP"/>
        <scripting:transformer doc:name="Create condition">
            <scripting:script engine="Groovy" file="condition.groovy"/>
        </scripting:transformer>
        <clarizen:entity-query config-ref="Clarizen" queryTypeName="Task" maxNumberOfPages="1" pageSize="100" doc:name="Clarizen">
            <clarizen:fields-to-retrieve>
                <clarizen:fields-to-retrieve>Description</clarizen:fields-to-retrieve>
            </clarizen:fields-to-retrieve>
        </clarizen:entity-query>
        <foreach collection="#[payload]" doc:name="Foreach">
            <logger message="Entity: #[payload.id]" level="INFO" doc:name="Logger"/>
        </foreach>
    </flow>
    <flow name="ListEntities" doc:name="ListEntities">
        <http:inbound-endpoint exchange-pattern="one-way" host="localhost" port="8090" path="list-entities" doc:name="HTTP"/>
        <clarizen:list-entities config-ref="Clarizen" doc:name="Clarizen"/>
        <collection-splitter doc:name="Collection Splitter"/>
        <logger message="#[payload]" level="INFO" doc:name="Logger"/>
    </flow>
    <flow name="DescribeEntities" doc:name="DescribeEntities">
        <http:inbound-endpoint exchange-pattern="one-way" host="localhost" port="8090" path="describe-entities" doc:name="HTTP"/>
        <clarizen:describe-entities config-ref="Clarizen" doc:name="Clarizen">
            <clarizen:type-names>
                <clarizen:type-name>User</clarizen:type-name>
            </clarizen:type-names>
        </clarizen:describe-entities>
        <collection-splitter doc:name="Collection Splitter"/>
        <logger message="The entity typeName is #[payload.typeName]" level="INFO" doc:name="Logger"/>
    </flow>
    <flow name="DeleteEntity" doc:name="DeleteEntity">
        <http:inbound-endpoint exchange-pattern="one-way" host="localhost" port="8090" path="delete-entity" doc:name="HTTP"/>
        <clarizen:entity-query config-ref="Clarizen" queryTypeName="Task" maxNumberOfPages="1" pageSize="100" doc:name="Clarizen">
            <clarizen:fields-to-retrieve>
                <clarizen:fields-to-retrieve>description</clarizen:fields-to-retrieve>
            </clarizen:fields-to-retrieve>
        </clarizen:entity-query>
        <clarizen:delete-entity config-ref="Clarizen" doc:name="Clarizen">
            <clarizen:entity ref="#[groovy:payload.get(0)]"/>
        </clarizen:delete-entity>
        <logger message="The entity was deleted!" level="INFO" doc:name="Logger"/>
    </flow>
    <flow name="GetCalendarInfo" doc:name="GetCalendarInfo">
        <http:inbound-endpoint exchange-pattern="one-way" host="localhost" port="8090" path="get-calendar-info" doc:name="HTTP"/>
        <clarizen:entity-query config-ref="Clarizen" queryTypeName="User" maxNumberOfPages="1" pageSize="50" doc:name="Clarizen">
            <clarizen:fields-to-retrieve>
                <clarizen:fields-to-retrieve>displayName</clarizen:fields-to-retrieve>
            </clarizen:fields-to-retrieve>
        </clarizen:entity-query>
        <clarizen:get-calendar-information config-ref="Clarizen" doc:name="Clarizen">
            <clarizen:user-id ref="#[groovy:payload.get(0).id]"/>
        </clarizen:get-calendar-information>
        <logger message="Calendar info: #[payload]" level="INFO" doc:name="Logger"/>
    </flow>
    <flow name="GetSystemSettings" doc:name="GetSystemSettings">
        <http:inbound-endpoint exchange-pattern="one-way" host="localhost" port="8090" path="get-system-settings" doc:name="HTTP"/>
        <clarizen:get-system-settings config-ref="Clarizen" doc:name="Clarizen">
            <clarizen:settings>
                <clarizen:setting>Enable bug tracking</clarizen:setting>
            </clarizen:settings>
        </clarizen:get-system-settings>
        <logger message="#[payload.get(0)]" level="INFO" doc:name="Logger"/>
    </flow>
    <flow name="CreateFromTemplate" doc:name="CreateFromTemplate">
        <http:inbound-endpoint exchange-pattern="one-way" host="localhost" port="8090" path="create-from-template" doc:name="HTTP"/>
        <scripting:transformer doc:name="Project info">
            <scripting:script engine="Groovy" file="project.groovy"/>
        </scripting:transformer>
        <clarizen:create-from-template config-ref="Clarizen" templateName="Basic Project" doc:name="Clarizen"/>
        <logger message="Created entity from template! #[payload.id]" level="INFO" doc:name="Logger"/>
    </flow>
    <flow name="DownloadFileInformation" doc:name="DownloadFileInformation">
        <http:inbound-endpoint exchange-pattern="one-way" host="localhost" port="8090" path="download-file-information" doc:name="HTTP"/>
        <clarizen:entity-query config-ref="Clarizen" queryTypeName="Document" maxNumberOfPages="1" pageSize="10" doc:name="Clarizen">
            <clarizen:fields-to-retrieve>
                <clarizen:fields-to-retrieve>name</clarizen:fields-to-retrieve>
            </clarizen:fields-to-retrieve>
        </clarizen:entity-query>
        <clarizen:download-file-information config-ref="Clarizen" doc:name="Clarizen">
            <clarizen:entity ref="#[groovy:payload.get(0)]"/>
        </clarizen:download-file-information>
        <logger message="File information -- file name: #[payload.fileName], url: #[payload.url]" level="INFO" doc:name="Logger"/>
    </flow>
    <flow name="SendEmail" doc:name="SendEmail">
        <http:inbound-endpoint exchange-pattern="one-way" host="localhost" port="8090" path="send-email" doc:name="HTTP"/>
        <clarizen:entity-query config-ref="Clarizen" queryTypeName="Task" maxNumberOfPages="1" pageSize="100" doc:name="Clarizen">
            <clarizen:fields-to-retrieve>
                <clarizen:fields-to-retrieve>Description</clarizen:fields-to-retrieve>
            </clarizen:fields-to-retrieve>
        </clarizen:entity-query>
        <set-variable variableName="entityReference" value="#[payload.get(0)]" doc:name="Variable"/>
        <scripting:transformer doc:name="Create recipients">
            <scripting:script engine="Groovy" file="recipient.groovy"/>
        </scripting:transformer>
        <clarizen:send-email config-ref="Clarizen" body="body" subject="subject" accessType="PUBLIC" doc:name="Clarizen">
            <clarizen:recipients ref="#[payload]"/>
        </clarizen:send-email>
        <logger message="Email sent? #[payload]" level="INFO" doc:name="Logger"/>
    </flow>
    <flow name="UpdateTask-DM" doc:name="UpdateTask-DM">
        <http:inbound-endpoint exchange-pattern="one-way" host="localhost" port="8090" doc:name="HTTP" path="update-task-dm"/>
        <clarizen:entity-query config-ref="Clarizen" doc:name="Clarizen" queryTypeName="Task" maxNumberOfPages="1" pageSize="100">
            <clarizen:fields-to-retrieve>
                <clarizen:fields-to-retrieve>Name</clarizen:fields-to-retrieve>
            </clarizen:fields-to-retrieve>
        </clarizen:entity-query>
        <clarizen:get-work-item-by-id config-ref="Clarizen" workItemId="#[payload.get(0).id.value]" workItemType="TASK" doc:name="Clarizen">
            <clarizen:fields-to-retrieve>
                <clarizen:fields-to-retrieve>parentProject</clarizen:fields-to-retrieve>
                <clarizen:fields-to-retrieve>Name</clarizen:fields-to-retrieve>
                <clarizen:fields-to-retrieve>Description</clarizen:fields-to-retrieve>
            </clarizen:fields-to-retrieve>
        </clarizen:get-work-item-by-id>
        <data-mapper:transform config-ref="UpdateTask" doc:name="DataMapper"/>
        <clarizen:update-entity config-ref="Clarizen" doc:name="Clarizen"/>
        <logger message="Updated Task! #[payload.description]" level="INFO" doc:name="Logger"/>
    </flow>
  </mule>