<!--

    Mule Clarizen Cloud Connector

    Copyright (c) MuleSoft, Inc.  All rights reserved.  http://www.mulesoft.com

    The software in this package is published under the terms of the CPAL v1.0
    license, a copy of which has been included with this distribution in the
    LICENSE.txt file.

-->

<beans xmlns="http://www.springframework.org/schema/beans"
      xmlns:xsi="http://www.w3.org/2001/XMLSchema-instance"
      xmlns:cxf="http://cxf.apache.org/core"
      xsi:schemaLocation="
http://cxf.apache.org/core http://cxf.apache.org/schemas/core.xsd
http://www.springframework.org/schema/beans http://www.springframework.org/schema/beans/spring-beans-2.0.xsd">

    <bean id="logInbound" class="org.apache.cxf.interceptor.LoggingInInterceptor"/>
    <bean id="logOutbound" class="org.apache.cxf.interceptor.LoggingOutInterceptor"/>

    <cxf:bus>
        <cxf:inInterceptors>
            <ref bean="logInbound"/>
        </cxf:inInterceptors>
        <cxf:outInterceptors>
            <ref bean="logOutbound"/>
        </cxf:outInterceptors>
        <cxf:outFaultInterceptors>
            <ref bean="logOutbound"/>
        </cxf:outFaultInterceptors>
        <cxf:inFaultInterceptors>
            <ref bean="logInbound"/>
        </cxf:inFaultInterceptors>
    </cxf:bus> 
</beans>