<?xml version="1.0" encoding="UTF-8"?>
<!--

    Mule Clarizen Cloud Connector

    Copyright (c) MuleSoft, Inc.  All rights reserved.  http://www.mulesoft.com

    The software in this package is published under the terms of the CPAL v1.0
    license, a copy of which has been included with this distribution in the
    LICENSE.txt file.

-->

<!DOCTYPE log4j:configuration SYSTEM "log4j.dtd">
 
<log4j:configuration xmlns:log4j="http://jakarta.apache.org/log4j/" debug="false">
 
   <appender name="consoleAppender" class="org.apache.log4j.ConsoleAppender">
      <param name="Threshold" value="INFO" />
      <layout class="org.apache.log4j.PatternLayout">
         <param name="ConversionPattern" value="%d %-5p  [%c{1}] %m %n" />
      </layout>
   </appender>
 
   <logger name="org.apache.cxf" additivity="false" >
      <level value="DEBUG" />
      <appender-ref ref="consoleAppender"/>
   </logger>
   
   <logger name="org.mule" additivity="false" >
      <level value="DEBUG" />
      <appender-ref ref="consoleAppender"/>
   </logger>
 
</log4j:configuration>